CHROM	POS	REF	ALT	QUAL	DP	AF	GENE	GENE_ID
NC_007793.1	317	A	G	24626.5	689	1	intergenic	NA
NC_007793.1	5010	C	G	29210.6	822	1	recF	gene-SAUSA300_RS00025
NC_007793.1	34179	T	A	30645.0	858	1	rlmH	gene-SAUSA300_RS00135
NC_007793.1	41290	ATTTTTTTAGT	ATTTTTTTTAGT	16318.9	483	1	SAUSA300_RS00170	gene-SAUSA300_RS00170
NC_007793.1	61025	G	A	12068.7	342	1	SAUSA300_RS00265	gene-SAUSA300_RS00265
NC_007793.1	150825	G	C	21829.8	611	1	SAUSA300_RS00690	gene-SAUSA300_RS00690
NC_007793.1	164912	G	A	24032.8	680	1	intergenic	NA
NC_007793.1	240358	T	A	22131.2	620	1	SAUSA300_RS01070	gene-SAUSA300_RS01070
NC_007793.1	270510	T	C	27653.4	773	1	SAUSA300_RS01200	gene-SAUSA300_RS01200
NC_007793.1	292738	A	C	20607.6	577	1	SAUSA300_RS01295	gene-SAUSA300_RS01295
NC_007793.1	376057	C	T	22861.6	641	1	SAUSA300_RS01715	gene-SAUSA300_RS01715
NC_007793.1	376231	T	G	25360.0	710	1	SAUSA300_RS01715	gene-SAUSA300_RS01715
NC_007793.1	425833	A	T	22861.4	642	1	SAUSA300_RS02000	gene-SAUSA300_RS02000
NC_007793.1	460961	ATACAGC	AC	16624.5	483	1	SAUSA300_RS02185	gene-SAUSA300_RS02185
NC_007793.1	517837	C	T	9107.48	432	1	rrf	gene-SAUSA300_RS02450
NC_007793.1	517960	CTTTTTTTTATG	CTTTTTTTATG	16682.9	739	1	intergenic	NA
NC_007793.1	518090	T	C	36366.3	1241	1	intergenic	NA
NC_007793.1	518102	G	A	37105.5	1236	1	intergenic	NA
NC_007793.1	556082	T	C	39205.0	1103	1	intergenic	NA
NC_007793.1	556291	T	C	21396.4	753	1	rrf	gene-SAUSA300_RS02665
NC_007793.1	591624	G	C	23230.9	651	1	rpoC	gene-SAUSA300_RS02825
NC_007793.1	593858	ATA	AA	19935.4	571	1	intergenic	NA
NC_007793.1	656344	AATAG	TTTAT	15824.2	445	1	SAUSA300_RS03115	gene-SAUSA300_RS03115
NC_007793.1	658463	AAT	TAA	15407.6	444	1	intergenic	NA
NC_007793.1	658668	TTTTTTT	GAGCCTG	12400.1	351	1	intergenic	NA
NC_007793.1	930890	T	C	20253.2	566	1	mnhD1	gene-SAUSA300_RS04600
NC_007793.1	944692	A	T	21233.7	601	1	intergenic	NA
NC_007793.1	973708	TAAATC	TAATC	16400.4	474	1	intergenic	NA
NC_007793.1	1089841	G	A	19289.1	544	1	SAUSA300_RS05355	gene-SAUSA300_RS05355
NC_007793.1	1269542	A	T	20645.7	580	1	SAUSA300_RS06265	gene-SAUSA300_RS06265
NC_007793.1	1286986	A	G	20707.4	584	1	SAUSA300_RS06325	gene-SAUSA300_RS06325
NC_007793.1	1295497	A	G	14200.5	399	1	SAUSA300_RS06365	gene-SAUSA300_RS06365
NC_007793.1	1311470	T	C	17480.8	494	1	SAUSA300_RS06430	gene-SAUSA300_RS06430
NC_007793.1	1354028	C	T	18560.9	523	1	SAUSA300_RS06705	gene-SAUSA300_RS06705
NC_007793.1	1355744	T	A	19107.3	534	1	intergenic	NA
NC_007793.1	1533312	A	T	20694.3	579	1	intergenic	NA
NC_007793.1	1630757	T	A	15792.4	452	1	intergenic	NA
NC_007793.1	1675905	C	T	20112.7	563	1	SAUSA300_RS08315	gene-SAUSA300_RS08315
NC_007793.1	1688528	C	T	23541.2	660	1	dnaJ	gene-SAUSA300_RS08390
NC_007793.1	1765020	A	C	17676.1	497	1	SAUSA300_RS08780	gene-SAUSA300_RS08780
NC_007793.1	1862476	GTTTTTATG	GTTTTATG	20183.7	574	1	SAUSA300_RS09220	gene-SAUSA300_RS09220
NC_007793.1	1872844	T	C	23142.6	658	1	intergenic	NA
NC_007793.1	1939443	C	G	20238.9	568	1	splF	gene-SAUSA300_RS09595
NC_007793.1	1957938	C	T	22200.8	623	1	intergenic	NA
NC_007793.1	1961241	G	C	27806.3	785	1	SAUSA300_RS09730	gene-SAUSA300_RS09730
NC_007793.1	1961354	C	T	28589.0	802	1	SAUSA300_RS09735	gene-SAUSA300_RS09735
NC_007793.1	1965823	G	A	25713.8	722	1	hemE	gene-SAUSA300_RS09760
NC_007793.1	1994912	GAAAAAAAGAA	GAAAAAAGAA	38910.6	1171	1	SAUSA300_RS09905	gene-SAUSA300_RS09905
NC_007793.1	2007223	G	T	29303.6	823	1	SAUSA300_RS10080	gene-SAUSA300_RS10080
NC_007793.1	2148583	C	A	18960.1	531	1	agrC	gene-SAUSA300_RS10945
NC_007793.1	2150257	GCCCCAG	GCCCCCAG	16869.8	486	1	SAUSA300_RS10960	gene-SAUSA300_RS10960
NC_007793.1	2164596	A	G	20510.1	576	1	intergenic	NA
NC_007793.1	2322700	T	C	18367.9	520	1	intergenic	NA
NC_007793.1	2347820	GTTTTTTTTATA	GTTTTTTTATA	19338.6	591	1	SAUSA300_RS11955	gene-SAUSA300_RS11955
NC_007793.1	2487639	A	G	25383.5	711	1	intergenic	NA
NC_007793.1	2549677	C	T	19034.6	533	1	bioA	gene-SAUSA300_RS13105
NC_007793.1	2627119	TTATATATATATATATTATA	TTATATATATATATTATA	24150.1	735	1	intergenic	NA
